# Advantage to the EPO group over the placebo group, per cent, with 95% confidence intervals.
# Source: Heuberger et al. 2017 (Lancet Haematol 4:e374-386), full text, results section.
# Rows 1-3 are OUR ARITHMETIC from the paper's absolute differences and intervals, divided by the placebo group's value:
#   VO2max 2.707 (0.911 to 4.503) on 57.415 mL/kg/min; peak power 10.32 (3.47 to 17.17) on 341.23 W;
#   45-minute power 5.90 (-0.87 to 12.67) on 277.28 W.
# Row 4 is the paper's own percentage (race power -1.7%, -11.0 to 8.6).
# Row 5 is the paper's race-time difference (0.3% slower, -8.3 to 9.6) with the sign reversed so that positive favours EPO.
measure,setting,estimate,low,high
VO₂max,ramp test in the lab,4.7,1.6,7.8
Peak power,ramp test in the lab,3.0,1.0,5.0
Average power,45-minute test in the lab,2.1,-0.3,4.6
Average power,Mont Ventoux race,-1.7,-11.0,8.6
Race time,Mont Ventoux race,-0.3,-9.6,8.3
